reservation_id, room_id, firstname, lastname, email, start_date, end_date
1,3,Test,Test,test@test.pl,2022-07-07T12:53,2022-07-07T12:54
2,6,"Test 2","test 2",test2@test.pl,2022-07-07T13:51,2022-07-07T14:52
3,1,Test,test,test2@test.pl,2022-07-07T17:00,2022-07-07T19:02
4,3,Test,Test,test@test.pl,2022-07-08T09:35,2022-07-08T09:39
5,3,Test,Test,test@test.pl,2022-07-08T09:35,2022-07-08T09:39
6,3,Test,Test,test@test.pl,2022-07-08T09:35,2022-07-08T09:39
7,3,Test,Test,test@test.pl,2022-07-08T09:35,2022-07-08T09:39
8,3,Test,Test,test@test.pl,2022-07-08T09:35,2022-07-08T09:39
9,3,Test,Test,test@test.pl,2022-07-08T09:35,2022-07-08T09:39
10,3,Test,Test,test@test.pl,2022-07-08T09:35,2022-07-08T09:39
11,3,Test,Test,test@test.pl,2022-07-08T09:35,2022-07-08T09:39
12,3,Test,Test,test2@test.pl,2022-07-08T10:13,2022-07-08T10:14
13,3,test,test,test@test.pl,2022-07-08T04:22,2022-07-08T04:28
14,3,test,test,test@test.pl,2022-07-08T04:22,2022-07-08T04:28
15,3,test,test,test@test.pl,2022-07-08T04:22,2022-07-08T04:28
16,3,test,test,test@test.pl,2022-07-08T04:22,2022-07-08T04:28
17,3,test,test,test@test.pl,2022-07-08T04:22,2022-07-08T04:28
18,3,test,test,test@test.pl,2022-07-08T04:22,2022-07-08T04:28
19,3,test,test,test@test.pl,2022-07-08T04:22,2022-07-08T04:28
20,3,Test,Test,test@test.pl,2022-07-08T10:37,2022-07-08T10:37
21,3,Test,Test,test@test.pl,2022-07-08T10:37,2022-07-08T10:43
22,2,Test,Test,test@test.pl,2022-07-08T12:07,2022-07-08T12:12
